Проект,Мониторинг,"Срок жизни, в мес.",Cреднеарифметический % месячной доходности,Max просадка,Мах незафиксированная просадка,Общая доходность,"Среднемесячная доходность, %","Среднегодовая доходность, %",Лучший месяц,Худший месяц,Коэффициент Шарпа,05.21,06.21,07.21,08.21,09.21,10.21,11.21,12.21,01.22,02.22,03.22,04.22,05.22,06.22,07.22,08.22,09.22,10.22,11.22,12.22,01.23,02.23,03.23,04.23,05.23,06.23,07.23,08.23,09.23,10.23,11.23,12.23,01.24,02.24,03.24,04.24,05.24,06.24,07.24,08.24,09.24
,Среднее значение:,"18,11","4,19","-41,16","-27,61","116,61","5,96","31,45","45,80","-23,42","1,40","6,54","10,85","3,13","3,02","9,81","6,25","-0,17","-2,36","1,88","5,47","11,09","-2,07","4,84","2,42","8,75","-1,81","-0,68","3,62","8,45","0,30","13,12","1,75","8,58","2,10","-3,86","6,96","-1,63","1,90","-4,62","10,03","3,64","13,42","1,04","31,14","10,24","-1,60","3,40","-3,88","-0,22","-0,50","2,00"
SAVINSKYI HORIZON BREAK,https://tradelink.pro/portfolio/cd6adf35-3dca-446b-a73f-8ae56eb1a560,23,"-6,03","-98,96",,"-96,88","-4,21","-24,08","44,91","-89,22","-0,66",,,,,,,,,,,,,,,,,,,"0,38","-0,27","-4,39","-16,24","6,44","4,27","-3,49","1,51","-2,45","-10,86","1,55","6,37","10,84","10,83","0,46","44,91","1,80","-18,86","-89,22","-73,67","-8,87","-6,67","6,93"
Tangey Daniel E Hubner,https://www.etoro.com/people/howtogetref,41,"-1,02","-32,12",,"-46,74","-1,14","-10,73","27,83","-19,69","-0,54","-0,91","2,84","-5,34","5,96","-6,97","7,76","-8,29","-11,76","-13,58","-0,57","4,42","-19,69","-9,82","-12,20","11,10","1,76","-9,53","0,81","1,76","-11,09","27,83","-4,95","-2,61","-5,56","-2,91","6,98","9,24","-17,13","-7,95","-3,76","14,95","14,21","-9,68","16,31","8,96","-13,48","9,83","-5,30","-0,83","-10,21","7,65"
Olympus P O S E I D O N,https://app.zignaly.com/profit-sharing/60a75e85da8e96240e2c49ff,41,"0,63","-73,40",,"-46,49","-1,13","-5,89","55,57","-46,61","-0,24","14,41","4,22","8,31","30,52","37,78","19,68","-17,34","-37,76","-13,74","-5,87","14,54","-5,19","-15,94","-4,98","11,64","-3,49","-8,71","1,64","-6,57","-5,76","18,61","6,06","-6,38","-7,25","-5,77","-24,89","0,61","-2,39","0,00","2,99","17,35","32,89","-24,02","43,58","55,57","-46,61","6,53","-26,94","-20,71","-15,12","4,29"
Jay Edward Smith,https://www.etoro.com/people/jaynemesis/stats,41,"0,18","-22,25",,"-2,61","-0,06","0,94","16,97","-12,85","-0,21","-0,34","7,88","-1,27","1,13","-6,33","12,47","-2,87","-4,52","-11,69","-0,20","2,60","-12,85","-1,35","-10,69","16,97","-3,48","-11,82","5,23","8,05","-7,71","7,76","-2,91","2,50","-3,55","0,41","4,60","1,13","-6,92","-5,70","-7,63","13,75","9,16","0,28","8,02","2,01","-5,11","5,89","2,89","-3,66","1,97","3,14"
Apnaadvisor Apna Advisor Futures,https://app.zignaly.com/profit-sharing/62b56b1823937f7e6f5fd694,28,"1,05","-41,80",,"4,99","0,18","2,86","48,13","-37,91","-0,05",,,,,,,,,,,,,,"1,85","2,30","4,48","-3,48","11,37","13,64","-7,44","12,18","-11,04","4,71","2,59","2,71","-4,94","3,81","-8,61","5,85","4,77","1,61","0,61","3,09","-1,89","3,93","-37,91","48,13","-12,02","-5,57","-8,05","2,59"
TradeForImpact Ultra Safe,https://app.zignaly.com/profit-sharing/61af89264bd3384d8220f87c,34,"0,75","-25,40",,"13,47","0,40","8,98","30,77","-9,58","0,09",,,,,,,,"-0,69","-7,55","-5,12","14,07","-9,58","-5,41","-8,35","9,40","-6,19","-6,66","-2,63","-4,36","-4,36","19,58","0,52","30,77","-7,21","-1,26","-1,05","-0,65","-1,00","3,97","3,99","2,78","7,96","-7,22","15,33","13,01","-7,76","-1,31","-7,07","-3,74","-1,05","4,21"
Jeppe Kirk Bonde,https://www.etoro.com/people/jeppekirkbonde/stats,41,"0,65","-16,58",,"25,00","0,61","7,12","9,73","-8,24","0,11","2,50","1,85","-0,94","0,54","-3,99","5,98","-2,70","1,72","-4,94","-2,06","2,07","-8,08","-1,34","-7,67","6,05","-3,18","-8,24","3,23","9,73","-4,41","9,11","-3,21","4,29","-0,85","-0,68","5,07","3,53","-3,87","-3,38","-2,28","8,19","6,61","-1,13","4,71","3,59","-1,57","6,63","0,67","0,51","1,85","2,65"
Selim Boukezouh,https://www.etoro.com/people/selim_/stats,41,"1,27","-38,42",,"44,07","1,07","13,23","25,52","-22,25","0,24","8,03","-0,15","-0,21","0,09","-1,11","2,23","-1,88","2,20","-3,99","-1,84","2,33","-3,45","-0,54","-5,21","8,11","-5,16","-5,90","3,19","-4,61","-5,49","15,50","-0,90","4,35","-0,95","-2,31","1,33","0,75","-5,34","-0,70","6,04","16,25","17,65","-6,53","25,52","19,45","-22,25","11,51","-10,94","-2,40","-8,53","7,74"
PHOENIX by hamster-bot Binance,https://tradelink.pro/portfolio/610ac7e5-77cd-4088-b65a-d4d5e2743fbc,22,"1,54","-16,63",,"36,16","1,64","8,65","14,73","-6,80","0,42",,,,,,,,,,,,,,,,,,,,"-0,47","14,73","0,96","2,50","-4,07","-4,31","5,55","-4,05","2,37","-4,28","2,93","-6,80","2,04","4,63","1,68","0,81","7,54","-4,03","4,83","-2,11","10,23","3,20"
Copy-Trade ENOT 5,https://www.mql5.com/ru/signals/1378207?source=Site+Signals+My,32,"3,80","-57,70",,"123,78","3,87","59,24","62,78","-21,36","0,42",,,,,,,,,,"-8,61","62,78","7,57","3,47","41,11","29,19","27,41","-14,26","-10,46","2,63","25,16","1,48","-1,84","-2,74","-7,70","-16,61","-21,36","2,53","-2,62","8,64","-0,35","11,55","-13,67","-12,23","0,30","-0,64","-4,83","3,21","10,84","-0,63","2,26","-0,11"
Quant Hill Crypto Trend USDT,https://tradelink.pro/portfolio/65e47ea48a4232bfcd1b7f8c?t=1712419200,41,"1,54","-25,14",,"63,83","1,56","14,54","28,45","-12,12","0,47","3,24","-2,64","1,40","-8,58","-0,41","4,46","-2,80","-3,99","5,14","0,29","0,02","-2,73","2,55","22,75","-4,89","0,65","-11,45","5,17","0,20","-8,65","28,45","0,46","1,38","1,47","-6,41","2,32","-7,66","11,72","-12,12","12,63","-7,27","5,60","-0,21","24,71","0,96","-1,46","3,54","-0,90","3,26","4,35","-1,22"
Aquiles Scalper,https://app.zignaly.com/profit-sharing/5fd8abc4d8839644fe118b04,41,"7,64","-36,10",,"465,32","11,35","80,44","102,04","-43,83","0,71","44,35","-43,83","45,93","-20,38","11,25","-24,76","-18,16","-3,64","79,26","42,96","3,06","-12,15","-4,48","-24,61","102,04","-19,71","14,43","2,55","9,55","-9,72","21,15","-14,39","0,29","8,38","-1,44","-3,72","-8,74","2,66","-3,93","45,56","3,50","-1,25","-3,54","46,36","55,08","13,23","-8,29","1,97","-6,66","-0,66","-6,15"
Alfa-Quant 300,https://www.comon.ru/strategies/17475/,41,"2,60","-37,76",,"124,89","3,05","24,66","60,30","-19,26","0,74","3,33","6,83","-0,15","0,29","-11,82","-1,12","10,89","2,84","5,15","-5,58","1,73","-19,26","0,71","15,14","26,61","-14,77","-0,80","-8,97","-2,86","60,30","0,19","4,85","4,56","11,46","0,11","10,31","10,33","8,23","-0,44","-2,86","-3,54","-0,05","-0,39","0,75","0,88","0,98","-3,17","-4,83","0,55","0,00","0,00"
Ed Khan Utopia Binance,https://tradelink.pro/portfolio/8e216b21-54de-42f0-a03c-5ea789163151,32,"4,53","-31,33",,"237,31","7,42","44,34","50,45","-12,84","0,78",,,,,,,,,,"50,45","14,50","1,37","25,65","8,98","-4,59","-2,61","5,48","-3,72","1,46","4,12","13,14","-1,68","9,42","3,58","-8,27","7,41","30,00","2,73","-12,84","0,46","-6,66","-3,55","-1,23","9,80","2,17","2,13","-6,70","-10,99","9,57","9,09","-3,67"
Ed Khan Knife Catcher D1,https://tradelink.pro/portfolio/eb31f6d9-8d74-4ab2-8c5b-5ee9b54de0dd,23,"2,81","-12,38",,"84,10","3,66","18,04","20,43","-7,51","0,83",,,,,,,,,,,,,,,,,,,"0,12","-1,39","2,82","1,41","0,47","-0,53","1,77","8,59","-0,03","3,38","2,20","0,97","7,02","9,12","6,03","5,12","20,43","-7,51","3,71","0,35","-0,56","-0,78","1,99"
Triple AI Bourbaki Ultra [BTC] (ex Прикольные инвестиции),https://tradelink.pro/portfolio/1f431ee6-2191-4f02-bdf8-59d7c2eee906,23,"8,24","-42,15",,"380,96","16,56","60,59","46,88","-24,56","0,89",,,,,,,,,,,,,,,,,,,"16,53","2,94","18,37","20,49","9,74","16,29","8,74","7,14","-0,11","-1,67","-8,97","-14,56","17,00","46,88","12,03","29,90","-24,56","37,37","4,21","0,00","0,00","0,08","-8,43"
Ed Khan CryptoGallery Utopia,https://fund.edkhan.net/ranking/1180 ,32,"6,33",,"-1,38","382,43","11,95","60,54","95,55","-13,89","0,90",,,,,,,,,,"-7,47","95,55","-0,37","35,74","8,87","-4,79","-1,92","6,12","-3,37","1,50","6,85","14,29","-1,28","9,74","5,16","-8,48","9,79","30,37","4,75","-12,03","2,85","-5,73","-3,97","0,82","11,75","2,72","2,68","-2,70","-13,89","9,46","10,35","-0,92"
Alfa-Quant Capital,https://www.comon.ru/strategies/109402/,28,"2,81","-15,53",,"109,62","3,91","22,24","20,01","-9,17","0,95",,,,,,,,,,,,,,"-3,68","5,12","2,15","-9,17","-0,83","-4,09","20,01","5,37","3,26","4,58","6,95","4,72","4,35","5,19","2,97","-2,94","7,19","5,09","0,33","7,90","-2,52","0,74","3,54","10,27","-1,31","1,13","-0,29","2,76"
Zohar_Z HARE KRISHNA,https://tradelink.pro/portfolio/91e904f2-2fde-4b87-92d6-74472c2670ed?t=1714118400,25,"3,03","-24,74",,"102,18","4,09","20,58","18,62","-5,16","1,19",,,,,,,,,,,,,,,,,"1,21","-2,46","7,26","0,02","2,16","2,87","-5,16","1,71","0,60","8,34","0,10","-3,17","6,48","18,62","7,57","-2,75","17,00","12,96","4,25","-0,12","-1,12","-3,85","3,09","0,82","-0,79"
Nikola-Tesla CryptoHunter,https://tradelink.pro/portfolio/c1cdf3b8-3a59-4344-b51c-c02c3344bc3c,24,"14,12","-26,20",,"1 394,36","58,10","126,69","138,28","-6,64","1,29",,,,,,,,,,,,,,,,,,"138,28","27,91","28,72","30,07","3,86","15,03","9,52","2,59","4,68","3,88","0,78","4,12","10,30","16,70","7,96","4,29","5,70","18,04","-6,64","8,52","5,08","1,81","-4,64","2,30"
SAVINSKYI PROFIT RANGE S1,https://tradelink.pro/portfolio/df18b46a-ff64-4d01-84e8-31027975e96d?t=1714802400,33,"2,28","-13,61",,"103,13","3,13","20,51","17,81","-6,58","1,34",,,,,,,,,"4,01","4,59","4,14","2,56","17,81","7,20","0,03","-1,15","-2,88","5,47","-1,03","-0,72","6,06","5,37","-5,47","-1,68","3,07","-6,58","2,10","-4,24","1,81","10,75","6,91","3,66","1,35","-0,38","9,37","-1,86","3,30","0,00","0,00","0,00","1,69"
Copy-Trade ICE LAB,https://copy-trade.pro/ice-lab-monitoring,24,"9,49",,,"410,49","17,10","58,26","74,80","-31,60","1,35",,,,,,,,,,,,,,,,,,"11,60","48,20","5,30","6,30","1,60","74,80","8,40","-12,34","55,60","-10,30","-10,07","-31,60","25,62","-3,33","24,65","16,01","16,77","0,00","-7,10","0,10","-5,34","21,17","17,75","-26,10"
Algotoria MIXED,https://tradelink.pro/portfolio/8d78b017-b2aa-47f1-8c92-ece97c3d7a82 ,33,"7,45","-47,25",,"527,94","16,00","68,46","94,10","-19,37","1,49",,,,,,,,,"-1,68","6,24","7,62","-11,15","12,46","10,94","15,33","-2,86","-7,02","5,15","2,27","-10,92","94,10","1,90","-2,94","0,98","-7,25","-2,39","-19,37","-10,00","-0,78","38,87","-6,34","38,56","13,69","46,15","12,03","-10,55","22,30","-11,28","15,25","3,89","2,51"
FieryTrading Bitcoin Omega 3d,https://app.zignaly.com/profit-sharing/6245c4cd8aedc679b61cf1a7,29,"12,79","-65,60",,"463,27","15,97","62,28","156,67","-42,53","1,54",,,,,,,,,,,,,"17,53","-1,91","16,30","-26,33","106,37","3,50","1,48","-8,25","38,65","3,63","-42,53","-24,63","-0,79","23,40","-18,31","13,30","-10,42","66,23","19,55","1,25","-6,45","156,67","7,88","-24,63","-23,62","-10,88","21,73","-31,62","103,93"
Arthem Capital Optimal less than 6000 USDT (ex. Optimal),"https://tradelink.pro/portfolio/5862e2a8-e951-40c7-afb6-fad2e1c76ba6
https://tradelink.pro/portfolio/db4b3150-aadc-4403-ac0b-4c587656c273",29,"5,74","-44,73",,"356,79","12,30","52,04","24,45","-17,50","1,60",,,,,,,,,,,,,"2,06","17,62","10,83","15,83","6,79","-1,76","24,45","-0,09","-8,13","8,37","20,49","5,22","2,33","3,71","10,81","-5,54","5,55","2,92","-17,50","-1,15","2,07","3,84","21,18","3,71","10,24","3,66","6,81","7,82","4,36"
Ed Khan 1st InFractals (ex.First InFractals),https://tradelink.pro/portfolio/ca39bb79-b9d6-4b06-bcd7-d80492275bae,37,"2,42","-27,15",,"124,59","3,37","22,69","27,39","-8,09","1,88",,,,,"4,53","3,14","2,62","1,30","4,02","1,76","-1,54","2,58","-4,38","2,17","1,75","1,10","7,62","2,39","2,14","0,38","-3,87","2,46","27,39","-1,29","-7,78","-1,10","-2,96","4,85","-8,09","0,46","-3,60","19,55","3,67","17,85","4,36","0,20","5,08","4,91","-2,44","-3,48","1,78"
IQ Security Fund ICE LAB,https://www.myfxbook.com/members/IceFXMarkets/ice-lab/9792935/Swzzjd7PGtUn42t0Ceh9,41,"6,32","-26,97",,"914,71","22,31","80,97","35,25","-10,51","2,19","0,22","3,02","4,47","-0,65","18,51","12,13","-1,76","1,87","7,18","11,76","5,87","4,40","0,48","11,52","5,46","-1,39","0,00","-0,32","12,18","-4,36","1,39","0,65","35,25","24,44","-4,34","32,80","-10,51","-3,66","-9,47","14,81","-2,77","2,28","-0,46","22,91","0,00","9,53","27,38","7,38","14,03","11,32","-4,61"
Triple AI Bourbaki Pro [BTC] (ex Прикольные инвестиции),https://tradelink.pro/portfolio/f9a96823-709b-46d0-926a-78707cf2c0dd,23,"9,45","-46,49",,"471,40","20,50","60,37","53,15","-25,19","2,43",,,,,,,,,,,,,,,,,,,"26,99","22,10","7,42","18,81","42,98","-0,20","-4,85","22,76","-25,19","10,60","-9,26","-15,57","9,95","15,53","0,00","35,72","-17,71","53,15","2,66","0,00","11,49","11,45","-1,39"
PHOENIX by hamster-bot,https://hamster-bot.com/phoenix,40,"1,95","-16,73",,"106,25","2,66","19,89","14,73","-12,24","3,55",,"0,52","-0,30","2,62","10,89","5,12","2,72","0,72","-0,59","1,61","0,43","2,96","6,00","3,12","10,31","-1,11","-12,24","-0,51","9,58","-0,47","14,73","0,96","2,50","-4,07","-4,31","5,55","-4,02","2,37","-4,28","2,93","-1,66","4,65","1,51","5,66","2,53","4,14","-5,13","5,99","-3,27","6,74","2,90"
SYNDICATE (ex SYNDICATE Midas),https://tradelink.pro/portfolio/834307e5-1bf6-4c6c-a03c-170c3c79423d,30,"5,09","-24,33",,"329,18","10,97","46,94","16,30","-3,52","9,03",,,,,,,,,,,,"-1,97","10,84","11,50","8,34","4,17","5,88","3,56","8,48","4,50","3,91","-2,22","16,30","1,29","-2,21","9,54","3,77","7,30","1,13","2,86","4,32","2,44","4,17","-3,52","13,30","13,31","4,76","7,99","5,95","-1,48","4,44"
Ed Khan CryptoGallery First InFractals,https://fund.edkhan.net/ranking/841,41,"3,94",,"-4,49","351,05","8,56","45,75","31,91","-7,59","14,78","11,92","8,32","4,30","1,57","6,49","3,14","2,62","1,29","4,02","2,14","-0,60","4,84","-2,00","3,88","3,21","3,27","8,97","3,18","4,30","2,72","-1,32","5,14","31,91","0,47","-7,59","-3,10","1,69","7,08","-6,46","0,46","-0,36","18,75","10,19","13,58","4,66","4,93","5,13","4,60","-4,31","-4,09","2,80"
MMM (ex. CosmoTrade),https://www.bybit.com/copyTrade/trade-center/detail?leaderMark=eRbN2R8ENCKBqCflZgVJjQ%3D%3D&ref=ZNAA8&linkUuid=648471fa-c1db-4819-a7f8-58ac4af7f099,16,"27,89","-99,99",,"-99,79","-6,24","-37,23","743,59","-99,62",-,,,,,,,,,,,,,,,,,,,,,,,,,,"-31,92","-14,03","36,32","-0,18","-33,90","-5,62","1,94","-99,62","743,59","-56,07","-7,26","4,80","-15,57","-34,54","-47,38","5,75"
Lumor Trading,https://app.zignaly.com/profit-sharing/64b2ec824bd338450e0fe186,15,"1,98","-99,20",,"-95,92","-6,39","-11,23","84,06","-98,11",-,,,,,,,,,,,,,,,,,,,,,,,,,,,"4,52","4,54","1,57","8,59","11,00","13,94","8,29","7,08","84,06","-39,84","51,01","-26,99","-98,11","0,00","0,00"
TradeGPT Runbot ETH,https://app.zignaly.com/profit-sharing/641c7ca28aedc67f823a13a5,19,"-3,90","-96,70",,"-77,69","-4,09","5,68","39,62","-58,39",-,,,,,,,,,,,,,,,,,,,,,,,"4,27","7,51","11,00","4,89","10,67","-1,52","5,79","-12,21","38,72","15,80","1,31","-27,88","-2,43","39,62","-37,49","-9,40","-21,18","-58,39","-43,13"
Amadeus Crypto,https://app.zignaly.com/profit-sharing/6551303682dcb1603f0bcc2f,11,"-4,72","-66,50",,"-54,59","-4,96","-16,30","64,05","-25,46",-,,,,,,,,,,,,,,,,,,,,,,,,,,,,,,,"-14,17","-19,47","-13,01","64,05","-3,55","-1,91","-21,88","-25,46","-16,05","0,09","-0,55"
QINV AI-Powered Crypto Portfolio,https://app.zignaly.com/profit-sharing/65d753a8611ae7600b062f9f,8,"-1,95","-46,90",,"-21,28","-2,66","-5,32","13,17","-28,83",-,,,,,,,,,,,,,,,,,,,,,,,,,,,,,,,,,,"12,29","5,88","-28,83","13,17","-9,23","-6,59","-10,11","7,86"
SYGNAL Cadence,https://app.zignaly.com/profit-sharing/658c1c3bc34bf558da0f0cb6,10,"0,19","-22,60",,"-0,93","-0,09","-0,23","13,30","-10,97",-,,,,,,,,,,,,,,,,,,,,,,,,,,,,,,,,"-0,84","-7,22","13,30","6,15","-6,55","-10,97","3,65","-6,85","8,67","2,57"
Systematic Trend Following Long Only (Spot),https://app.zignaly.com/profit-sharing/653539cf4bd33811c22dfd3c,12,"2,55","-60,40",,"0,75","0,06","8,04","49,24","-26,17",-,,,,,,,,,,,,,,,,,,,,,,,,,,,,,,"10,29","14,86","37,65","-26,17","49,24","14,57","-16,74","3,06","-15,59","-14,88","-25,92","0,21"
True Alpha - Futures,https://app.zignaly.com/profit-sharing/63e8bd438aedc6483c31e2bd,20,"0,51","-8,00",,"3,90","0,20","1,06","28,48","-14,99",-,,,,,,,,,,,,,,,,,,,,,,"-5,40","28,48","-14,99","-5,52","8,64","-8,15","-2,62","-3,75","1,49","0,27","3,09","8,00","2,71","4,41","-4,54","0,19","1,49","-0,90","-1,52","-1,13"
Copy-Trade Utopia,https://copy-trade.pro/utopia-monitoring,17,"0,96",,,"7,71","0,45","2,10","29,60","-14,07",-,,,,,,,,,,,,,,,,,,,,,,,,,"-0,10","8,60","29,60","3,64","-13,03","0,88","-7,32","-4,12","-1,75","8,56","0,40","-3,55","-13,19","-14,07","12,25","9,35","0,25"
Diva-HighR,https://app.zignaly.com/profit-sharing/649aacb24bd33877167541de,15,"2,74","-28,50",,"38,81","2,59","9,74","24,76","-16,50",-,,,,,,,,,,,,,,,,,,,,,,,,,,,"-3,62","5,16","-3,84","8,42","-8,95","3,51","-3,30","-16,50","8,52","20,48","3,50","1,15","9,07","24,76","-7,32"
Copy-Trade Optimal by Arthem Capital,https://copy-trade.pro/arthem-monitoring,15,"4,80",,,"42,53","2,84","14,53","46,62","-50,17",-,,,,,,,,,,,,,,,,,,,,,,,,,,,"10,75","24,95","2,66","-21,69","9,19","46,62","-50,17","5,33","17,73","3,87","2,86","2,85","7,30","8,69","1,06"
Delta - White Strategy,https://app.zignaly.com/profit-sharing/6470a4104bd33823ed5b986f,17,"3,20","-42,10",,"44,79","2,63","11,71","30,99","-19,89",-,,,,,,,,,,,,,,,,,,,,,,,,,"1,19","1,46","1,88","-15,46","5,19","11,46","13,96","27,68","-7,51","30,99","12,41","-19,89","14,59","-12,83","-6,92","-14,71","10,94"
A4U Trend,https://tradelink.pro/portfolio/155db948-c356-4d9f-a4ba-e41fbd70c35d?t=1722085200,14,"3,54","-31,89",,"48,55","3,47","11,03","38,92","-11,28",-,,,,,,,,,,,,,,,,,,,,,,,,,,,,"1,85","-8,84","13,33","8,41","12,71","-3,40","38,92","8,79","-8,85","-3,52","-1,07","-0,23","-11,28","2,77"
BITRONIX BIT ENERGY (ex. Algo Capital BIT ENERGY),https://tradelink.pro/portfolio/3bf0d207-9041-421c-985b-b9c12fa86bdb?t=1707998400,17,"24,74","-86,23",,"53,37","3,14","12,72","269,96","-64,93",-,,,,,,,,,,,,,,,,,,,,,,,,,"29,05","107,75","-64,93","45,37","-64,85","164,73","-31,41","20,97","3,75","269,96","-11,41","-43,67","11,95","-20,87","-40,78","45,71","-0,74"
Edvi trade Wolf,"https://tradelink.pro/portfolio/c2e523ae-6cd5-4418-82bc-b720f143c4b4?t=1728972000
https://tradelink.pro/portfolio/a14f8e59-89a1-4c7a-a8e0-44bdc460b0d4?t=1714118400",21,"2,45","-12,87",,"63,99","3,05","14,25","9,24","-3,29",-,,,,,,,,,,,,,,,,,,,,,"9,24","-0,54","1,85","3,10","-0,60","2,06","8,34","1,04","0,40","-0,46","5,89","3,71","8,15","0,00","-3,29","0,62","5,30","-1,65","-2,90","5,99","5,14"
COIN SORCIUM БИРЖА BYBIT,https://alfirium.com/coinsorcium,12,"5,45",,,"65,79","5,48","15,43","29,45","-27,00",-,,,,,,,,,,,,,,,,,,,,,,,,,,,,,,"5,73","-2,92","4,70","2,50","21,98","19,78","-7,23","12,74","29,45","-9,37","-27,00","15,00"
Copy-Trade Syndicate,https://copy-trade.pro/Syndicate-monitoring,15,"3,64",,,"69,29","4,62","15,20","13,27","-3,76",-,,,,,,,,,,,,,,,,,,,,,,,,,,,"2,07","7,34","1,43","2,59","4,24","2,53","4,23","-3,76","13,27","4,62","2,25","7,89","5,95","0,00","0,00"
Blueprint Algo,https://app.zignaly.com/profit-sharing/6401ef868aedc67e395181e8,19,"3,46","-30,40",,"76,38","4,02","17,27","24,71","-10,12",-,,,,,,,,,,,,,,,,,,,,,,,"11,60","-4,14","-2,55","5,09","-6,02","-0,75","0,00","17,02","4,67","24,71","-10,12","24,39","2,78","-0,97","-4,69","-3,92","-4,95","5,24","8,40"
Copy-Trade White Waters,https://copy-trade.pro/white-waters-monitoring,21,"3,96",,,"79,47","3,78","19,78","81,60","-10,40",-,,,,,,,,,,,,,,,,,,,,,"81,60","-10,40","-3,60","12,70","-0,90","-1,60","-8,70","5,16","-2,39","1,35","4,31","4,61","-4,92","6,93","2,39","-0,60","-3,84","-1,91","1,29","3,23","-1,57"
Systematic Trend Following Long Short No Leverage,https://app.zignaly.com/profit-sharing/6452b82c4bd338762d3b57a4,17,"5,64","-59,40",,"81,22","4,78","24,72","64,89","-18,51",-,,,,,,,,,,,,,,,,,,,,,,,,,"10,26","13,50","-5,59","0,00","0,00","4,05","13,94","53,02","-14,20","64,89","14,59","-16,75","7,06","-18,51","-13,17","-17,49","0,23"
RYFEN T2,https://app.zignaly.com/profit-sharing/646bae704bd33808da0108ed,17,"5,86","-47,70",,"88,31","5,19","24,08","42,91","-27,29",-,,,,,,,,,,,,,,,,,,,,,,,,,"-6,60","5,16","-27,29","39,05","-5,97","31,42","42,91","16,32","-20,50","41,74","-6,75","3,36","-21,66","4,39","5,05","-1,77","0,72"
Zohar_Z TZ,https://tradelink.pro/portfolio/5c18f48e-24d2-4cf8-9c1e-7531b582ef6f?t=1712318400,10,"7,56","-10,68",,"98,64","9,86","25,10","29,81","-2,00",-,,,,,,,,,,,,,,,,,,,,,,,,,,,,,,,,"-1,74","7,62","29,81","16,11","18,99","-2,00","3,81","3,83","0,92","-1,75"
Algotoria Altcoins,https://tradelink.pro/portfolio/5713d797-5fbb-497f-8274-70c604df7634?t=1729080000,5,"21,22","-36,67",,"112,26","22,45","28,07","64,27","-23,98",-,,,,,,,,,,,,,,,,,,,,,,,,,,,,,,,,,,,,,"0,33","-23,98","58,72","64,27","6,74"
Algotoria USDT,https://tradelink.pro/portfolio/4d32ae55-dc4f-4221-959f-31db0b12d2bf,16,"6,83","-37,43",,"128,64","8,04","30,26","54,40","-17,24",-,,,,,,,,,,,,,,,,,,,,,,,,,,"-2,36","-16,71","-4,90","-3,14","24,16","-9,05","26,05","16,52","54,40","2,42","-8,60","13,23","-17,24","27,90","9,89","-3,33"
786 trading Binance Spot,https://app.zignaly.com/profit-sharing/639c44e68aedc66d9b4abff3,21,"7,38","-48,50",,"142,66","6,79","38,07","76,18","-34,85",-,,,,,,,,,,,,,,,,,,,,,"-2,01","27,76","-16,78","1,13","-4,86","-11,28","2,60","-17,92","6,47","47,70","24,50","76,18","-12,36","26,00","42,68","-34,85","22,30","-18,41","1,36","-23,59","18,41"
Ed Khan MultiKnife,"https://tradelink.pro/portfolio/6b22863b-142d-4584-9e53-6b5bda8cda9d?t=1712318400
https://alfirium.com/coinsorcium",18,"5,44","-6,96",,"147,49","8,19","28,66","34,49","-3,15",-,,,,,,,,,,,,,,,,,,,,,,,,"7,71","0,34","4,11","2,83","2,92","0,96","2,65","12,55","12,60","7,92","5,83","34,49","1,07","2,52","0,66","0,32","-3,15","1,66"
mediann. capital low risk algo strategy,https://tradelink.pro/portfolio/80cd8302-686f-41e2-a9b0-6bc72b0c4023?t=1723957200,18,"5,94","-28,28",,"154,84","8,60","32,77","36,89","-13,86",-,,,,,,,,,,,,,,,,,,,,,,,,"3,84","2,13","1,68","3,73","-1,75","-8,63","19,43","2,94","-1,40","20,37","13,69","3,46","2,14","14,93","11,36","36,89","-13,86","-4,07"
Arthem Capital Optimal over 6000 USDT,"https://tradelink.pro/portfolio/c4208ed1-1b13-4522-88b9-ffa9971c7c33?t=1712379600
https://arthem.pro/",21,"4,68","-20,38",,"156,06","7,43","30,06","12,10","-4,24",-,,,,,,,,,,,,,,,,,,,,,"-0,31","4,00","9,62","2,76","-2,47","-0,32","12,10","-4,24","5,63","10,06","2,00","6,94","7,34","5,20","12,09","1,26","7,57","-0,17","7,86","5,55","5,73"
AlgoRider TrendFollowing - Low Risk (ex. E.B. Pro),https://app.zignaly.com/profit-sharing/63f3a5348aedc641723f8d65,20,"7,11","-32,10",,"222,04","11,10","40,05","28,68","-29,26",-,,,,,,,,,,,,,,,,,,,,,,"24,63","14,83","-3,91","-1,80","11,51","-3,87","5,17","-0,31","15,00","-13,28","8,92","-9,77","26,43","4,39","27,01","-29,26","6,10","28,68","23,02","8,70"
Edvi trade Owl,https://tradelink.pro/portfolio/21e4d3c1-00c5-49a5-a04c-750f75a364c4?t=1728972000,12,"15,04","-16,88",,"359,63","29,97","62,31","64,14","-4,46",-,,,,,,,,,,,,,,,,,,,,,,,,,,,,,,"4,11","22,51","23,56","41,67","16,71","64,14","-0,95","8,61","-0,28","4,01","0,81","-4,46"
Edvi trade Lion,https://tradelink.pro/portfolio/cac08260-cdbd-4b4b-9efc-a4916c9d89b7?t=1728972000,12,"17,36","-12,59",,"446,80","37,23","75,12","88,85","-3,83",-,,,,,,,,,,,,,,,,,,,,,,,,,,,,,,"3,53","32,56","17,40","39,31","12,90","88,85","5,58","3,53","1,32","3,23","-3,83","3,92"
RAProfit Mirror,https://copy.raprofit.com/ranking/2531,21,"9,15",,"-73,65","447,07","21,29","70,60","45,27","-12,97",-,,,,,,,,,,,,,,,,,,,,,"13,50","9,41","9,07","9,19","8,44","17,90","-12,97","1,38","-0,34","-0,29","15,63","-4,89","21,58","45,27","36,38","7,12","9,53","-1,45","0,99","5,48","1,14"
RAProfit CHALLENGE 100k,https://copy.raprofit.com/ranking/2924,14,"18,13",,"-84,93","644,00","46,00","88,21","64,63","-31,32",-,,,,,,,,,,,,,,,,,,,,,,,,,,,,"-14,44","25,55","27,74","42,22","64,63","28,68","38,84","40,75","7,15","18,14","3,05","0,37","2,41","-31,32"
Triple AI TradeLink PR_CT_USD (ex Прикольные инвестиции),https://tradelink.pro/portfolio/97b11ae8-1a6a-494b-ac55-c176088425d3,21,"1,88","-37,24",,"31,13","1,48","11,50","27,76","-17,12","0,26",,,,,,,,,,,,,,,,,"-2,88","1,17","-12,48","-3,58","-12,03","13,66","27,76","0,96","-1,27","16,39","-17,12","1,77","-5,74","-12,64","7,47","10,84","18,07","6,65","-2,48","5,15","-0,11",,,,
Steevie Speedy,https://app.zignaly.com/profit-sharing/60b748803a81963f81157f92,37,"8,26","-24,20",,"348,20","9,41","86,51","286,27","-20,33","0,47",,"286,27","-0,11","10,13","-1,32","3,42","3,50","4,29","2,09","-0,95","0,60","-1,23","-9,21","-2,52","7,02","-0,22","0,12","0,43","-4,70","0,04","0,04","0,31","0,21","0,55","0,34","-1,11","-0,07","2,89","-0,06","1,21","5,98","5,79","5,91","1,98","4,49","-20,33","0,00","0,00",,,
MyMbot TradeLink MYM_USD,https://tradelink.pro/portfolio/534119c7-64d8-447d-9c01-8c3c7b73483f,19,"2,93","-37,05",,"61,37","3,23","19,18","16,09","-22,50","0,53",,,,,,,,,,,,,,,,,,,"2,93","-3,81","2,73","2,23","12,59","4,26","-0,72","5,84","5,65","-3,24","2,67","-22,50","-9,37","14,09","16,09","6,26","10,56","3,85","5,62",,,,
RAProfit MB STRATEGY (ex AfiTrading Foundation Afi Capital),https://copy.raprofit.com/ranking/2233,23,"6,17",,"-53,28","176,45","7,67","52,43","46,71","-50,17","0,60",,,,,,,,,,,,,,,,"12,17","6,88","4,28","17,22","2,43","2,25","4,07","10,39","5,11","2,59","8,70","10,78","24,99","2,65","-21,61","10,14","46,71","-50,17","5,40","19,40","8,93","5,83","2,77",,,
Copy-Trade Nikolay Lyashenko Торговля по объемам и Дивергенциям,https://copy-trade.pro/nikolay-lyashenko-monitoring,20,"7,95",,,"121,50","6,08","34,28","51,83","-49,62","0,70",,,,,,,,,,,,,,,,,,"-2,27","-8,67","20,24","20,19","-49,62","47,93","16,51","9,15","34,29","51,83","-48,29","4,06","3,25","12,20","-21,80","27,95","40,77","1,21","0,00","0,00",,,,
Triple AI TradeLink PR_CT_BTC (ex Прикольные инвестиции),https://tradelink.pro/portfolio/a59e684c-08be-475f-b3e2-3596469967dd,21,"9,91","-39,01",,"397,18","18,91","103,29","51,43","-27,33","0,74",,,,,,,,,,,,,,,,,"1,46","7,60","-27,33","-5,16","25,08","13,73","51,43","5,11","-9,66","28,44","-21,52","-12,52","-0,86","25,99","20,34","25,64","17,04","50,77","15,57","-15,23","12,21",,,,
Polos,https://app.aivia.io/ranking/859,38,"6,88",,"-0,33","514,98","13,55","82,40","59,05","-40,86","0,76","8,84","12,87","11,98","59,05","45,69","1,66","7,74","-10,45","24,88","-14,48","8,73","11,11","-40,86","-7,60","9,93","-24,25","-18,84","3,37","17,12","-2,33","3,16","24,99","-22,85","21,06","2,70","-4,57","-13,65","12,48","0,45","3,19","50,12","26,93","5,09","13,28","41,81","-17,81","2,06","8,88",,,
Ed Khan Utopia Binance,https://tradelink.pro/portfolio/8e216b21-54de-42f0-a03c-5ea789163151,28,"1,59","-28,91",,"50,57","1,81","14,94","13,73","-7,70","0,93",,,,,,,,,,"5,66","9,75","-3,06","9,34","3,59","-2,15","-0,96","2,02","-1,25","0,43","1,58","5,15","-0,72","4,04","1,58","-3,74","3,19","13,73","1,55","-7,03","0,36","-3,55","-1,69","-0,67","9,75","2,18","3,13","-7,70",,,,
IQ Security Fund IQSF_track_RISK_X2,https://tradelink.pro/portfolio/9edc3f9e-fe0f-49ff-aeb3-70b9289c2c86,32,"9,71","-75,55",,"951,35","29,73","88,68","67,98","-31,95","1,15",,,,,,,"5,03","-10,89","9,22","44,76","0,03","-17,46","0,59","-8,67","-7,31","-4,81","12,39","9,43","45,38","2,97","6,31","0,71","67,98","34,47","-12,06","54,22","-9,02","-10,05","-31,95","27,82","-3,29","24,65","16,00","14,80","0,26","15,48","36,26","-2,48",,,
Algo Capital BIT ENERGY,https://t.me/usdtenergy,23,"7,67",,,"260,16","11,31","41,95","64,00","-28,35","1,46",,,,,,,,,,,,,,,,,"1,54","9,04","5,71","3,78","37,07","12,43","4,05","-1,06","4,50","30,50","-25,50","18,56","-28,35","45,82","-12,72","9,83","4,79","64,00","-1,77","-18,44","12,52","0,00","0,00",,
Algotoria,https://t.me/ALGOTORIA,34,"5,95","-26,38",,"376,12","11,06","49,92","67,13","-13,14","1,54",,,,"-6,78","25,29","13,37","-13,14","0,56","-1,17","17,97","12,98","-12,37","3,89","14,62","14,54","-1,46","-8,35","5,09","1,96","-10,46","67,13","1,96","-3,00","1,99","-8,20","-5,16","-12,58","-4,90","-3,14","24,16","-9,05","26,05","16,18","54,40","0,00","0,00","0,00",,,,
Copy-Trade PHOENIX by hamster-bot,https://copy-trade.pro/phoenix-by-hamster-bot-monitoring,19,"0,06",,,"-0,33","-0,02","0,35","7,41","-6,40",-,,,,,,,,,,,,,,,,,,,,,,"1,80","-2,00","-4,10","-6,40","6,20","-4,60","2,50","-6,14","3,64","-5,22","2,11","4,46","0,82","2,04","1,32","-2,66","7,41","0,00","0,00",
"IQ Security Fund Dynamic volume
",https://tradelink.pro/portfolio/0ec49a25-fc4a-4247-87e1-ce764818fed2,8,"2,98","-3,43",,"25,20","3,15","7,86","15,12","-1,86",-,,,,,,,,,,,,,,,,,,,,,,,,,,,,,,,"-1,86","-0,04","1,43","7,94","0,00","15,12","1,26","0,00",,,
RAProfit DOBBLE TOP,https://copy.raprofit.com/ranking/2664,14,"3,84",,"-64,81","28,99","2,07","9,76","55,44","-44,05",-,,,,,,,,,,,,,,,,,,,,,,,,,"0,57","9,46","8,62","3,01","5,09","8,81","4,30","-10,70","3,21","55,44","12,70","-44,05","1,39","-4,13",,,
Liam Trading Stoic - Bull Strategy,https://app.zignaly.com/profit-sharing/64c36d0c4bd33874830614bb,13,"4,81","-48,30",,"50,38","3,88","14,21","38,74","-21,98",-,,,,,,,,,,,,,,,,,,,,,,,,,,,"-0,57","-13,95","6,81","20,60","8,93","38,74","-11,14","31,11","19,07","-21,98","13,32","-15,92","-12,45",,
"Algotoria IQCF on Nik's account
",https://tradelink.pro/portfolio/14355d83-8376-4813-83bb-e5e192fde809,12,"9,36","-39,38",,"142,83","11,90","70,52","41,05","-28,32",-,,,,,,,,,,,,,,,,,,,,,,,,,,,"-4,88","-7,49","-28,32","25,12","-2,93","23,67","23,49","21,24","0,00","21,37","41,05","0,00",,,
RAProfit REFLECTOR,https://copy.raprofit.com/ranking/2518,16,"10,21",,"-68,86","316,61","19,79","101,99","63,86","-4,93",-,,,,,,,,,,,,,,,,,,,,,,,"1,96","14,40","13,31","-4,93","0,13","1,55","-0,34","-0,24","15,97","63,86","2,38","9,47","15,53","6,69","11,71","11,84",,,
Trade-bm,https://www.equite.io/en/vwBQgBcbRP,25,"-3,98",,,"-100,00","-4,00",,"49,25","-100,00",,"14,60","6,22","-9,73","6,86","8,97","4,96","-2,42","3,42","7,66","-2,64","-2,52","9,78","43,97","-1,18","2,73","-0,10","-30,56","5,33","-100,00","11,27","-80,02","47,00","-100,00","49,25","7,66",,,,,,,,,,,,,,,,
x100BTC,https://thespectr.com/monitoring/testmonitoring,1,"-99,97",,,"-99,97","-99,97",,"-99,97","-99,97",,"-99,97",,,,,,,,,,,,,,,,,,,,,,,,,,,,,,,,,,,,,,,,
AlgoTrading.cc,https://www.equite.io/ru/1e9XFxZgMs?partner=ALTCinvite=altc,9,"-13,84",,,"-90,25","-10,03",,"15,17","-83,88",,,,,,,,,,,"1,58","1,94","-1,49","-9,79","-33,13","15,17","-12,50","-2,49","-83,88",,,,,,,,,,,,,,,,,,,,,,,
CryptoTora,https://app.aivia.io/ranking/188,14,"-6,41",,,"-76,82","-5,49",,"8,69","-71,21",,"-2,06","-2,01","-1,21","2,14","-10,75","-0,65","0,23","-7,57","5,88","0,01","4,97","-16,22","8,69","-71,21",,,,,,,,,,,,,,,,,,,,,,,,,,,
Arthem Capital Aggressive,https://arthem.pro/,12,"-4,10","-63,26",,"-67,69","-5,64",,"24,68","-73,29",,,,,,,,,,,,,,,,,,,,,,"1,44","4,59","9,19","4,15","1,44","-2,52","5,52","24,68","-11,72","-73,29","-12,70","0,00",,,,,,,,,
Triple AI Bourbaki [ETH] (ex Прикольные инвестиции),https://tradelink.pro/portfolio/31331109-8a93-4c80-a3cb-59dd4e5dcfd6,14,"-6,86","-77,46",,"-67,62","-4,83",,"21,57","-29,50",,,,,,,,,,,,,,,,,,,,"21,57","-26,17","0,30","-3,94","-9,40","-0,49","-17,24","1,47","-11,11","-2,66","-29,50","-10,61","-15,41","7,21",,,,,,,,,
Triple AI Feynman [ETH] (ex Прикольные инвестиции),https://tradelink.pro/portfolio/e6f56f24-b735-42e1-84a3-acdd81155d73,15,"-3,97","-72,80",,"-55,99","-3,73",,"28,16","-27,61",,,,,,,,,,,,,,,,,,"-15,01","23,47","17,03","-19,39","28,16","-2,01","1,34","0,80","-24,23","-8,17","-27,61","-13,11","-20,82","0,00","0,00",,,,,,,,,,
AlgoTrading.cc,https://tradelink.pro/portfolio/3537789a-f065-4e6c-8611-c0db80c5731f?step=day,13,"-3,59",,,"-48,51","-3,73",,"26,11","-31,94",,,,,,"-4,17","22,96","0,007","-0,89","-22,36","-5,07","26,11","-10,20","-31,94","-22,53","7,71","5,73","-12,04",,,,,,,,,,,,,,,,,,,,,,,,
AlgoTrading.cc,https://tradelink.pro/portfolio/5433b304-8fe8-4c65-a4c8-2daf054ce63d?step=day,9,"-2,17",,,"-46,55","-5,17",,"45,94","-48,65",,,,,,"8,95","12,07","6,02","-15,09","-29,23","29,89","45,94","-29,41","-48,65",,,,,,,,,,,,,,,,,,,,,,,,,,,,
SYNDICATE test_3 (ex SYNDICATE Zeus),https://tradelink.pro/portfolio/5aa3d922-d064-4bea-8ae1-896d3eac87e5,6,"-5,71","-60,67",,"-41,23","-6,87",,"27,27","-37,20",,,,,,,,,,,,,,,,,,,,,,,,"27,27","15,55","-14,77","-37,20","0,87","-25,98",,,,,,,,,,,,,
AfiTrading Foundation TURBO SCALP,https://copy.afitrading.ru/ranking/1934,17,"-0,35",,"-15,47","-39,56","-2,33",,"37,66","-56,18",,,,,,,,,,,,,,,,,,"37,66","15,49","18,94","-56,18","0,00","0,00","1,61","4,17","1,39","-3,10","5,54","22,99","-14,08","-29,27","-11,08","0,00","0,00",,,,,,,,
Mellivora trade TradeLink M_USD,https://tradelink.pro/portfolio/71c126e3-15d7-42c7-9001-fbd3b8375572,21,"-1,96","-49,05",,"-37,47","-1,78",,"8,77","-18,38",,,,,,,,,,,,,,,,"5,27","-11,58","-18,38","-1,88","0,02","-1,09","5,68","-1,90","3,73","-10,07","-10,61","2,83","-10,32","6,93","-5,95","8,77","-4,74","-2,88","5,09","0,00","0,00",,,,,,
Deep Trade H4,https://app.aivia.io/ranking/232,19,"-1,12",,,"-30,27","-1,59",,"32,79","-32,37",,"32,79","-1,85","6,63","-32,37","-0,39","8,70","-0,16","-6,43","-0,54","9,07","4,20","-15,67","0,00","0,26","-7,61","-6,58","-8,33","-2,21","-0,81",,,,,,,,,,,,,,,,,,,,,,
SAVINSKYI BitMEX Cap,https://app.aivia.io/ranking/73,12,"-2,82",,,"-30,12","-2,51",,"3,26","-14,97",,"-14,97","-7,44","0,15","3,26","-1,47","-1,73","-1,47","-8,55","0,47","0,00","-2,05","0,00",,,,,,,,,,,,,,,,,,,,,,,,,,,,,
Triple AI Bourbaki [BTC+ETH] (ex Прикольные инвестиции),https://tradelink.pro/portfolio/42701af9-5946-4e6e-819e-a35a89506ff1,16,"-0,02","-77,23",,"-30,00","-1,88",,"37,56","-31,23",,,,,,,,,,,,,,,,,,"26,25","37,56","29,16","-30,48","7,19","-7,68","-5,00","3,16","-27,33","8,04","-12,61","-3,62","-31,23","-16,33","-3,78","26,42",,,,,,,,,
Trade-bm,https://www.equite.io/qsWMLTgigh,4,"-6,46",,,"-29,41","-7,35",,"22,95","-29,81",,,,,,,,,,,,,,,,,,,,,,,"-5,73","22,95","-29,81","-13,23",,,,,,,,,,,,,,,,
TFlow ETH FUND,https://platform.tflow.ai/ranking/2304,10,"-2,54",,,"-25,96","-2,60",,"8,69","-21,39",,,,,,,,,,,,,,,,,,,,,,"-4,45","8,34","-21,39","-6,70","0,39","8,69","7,28","-1,80","-9,01","-6,76",,,,,,,,,,,
"O-S-A MAIN, С 2023 года",https://tradelink.pro/portfolio/b5e5e4dd-57bd-4d77-80a3-dd37f47e53f9,8,"-3,04","-42,20",,"-23,97","-3,00",,"17,07","-12,99",,,,,,,,,,,,,,,,,,,,,"-0,56","17,07","-3,48","-4,28","-7,49","-12,99","-7,65","-4,90",,,,,,,,,,,,,,
Coin Sorcium Dynamics BitMEX,https://app.coinsorcium.com/ranking/2002,10,"-1,93",,"-0,42","-23,64","-2,36",,"21,70","-18,21",,,,,,,,,,,,,,,,,,,"-12,83","5,36","-16,32","21,70","1,20","3,61","6,34","-18,21","2,53","-12,69",,,,,,,,,,,,,,
Triple AI TradeLink PR_T_USD (ex Прикольные инвестиции),https://tradelink.pro/portfolio/161fd287-e708-4c4b-a697-9165278338ec,16,"-1,21","-36,30",,"-22,91","-1,43",,"16,61","-15,69",,,,,,,,,,,,,,,,"-2,39","0,98","-15,69","12,22","13,34","-11,10","16,61","-4,63","-2,51","1,00","-12,21","0,14","-12,34","-2,78","0,00","0,00",,,,,,,,,,,
Crypo,https://app.aivia.io/ranking/166,16,"2,27",,,"-22,82","-1,43",,"43,08","-46,84",,"14,21","43,08","-6,20","-31,88","21,75","23,93","-46,84","-24,53","-7,16","3,95","31,69","-6,14","18,84","-41,93","22,01","21,58",,,,,,,,,,,,,,,,,,,,,,,,,
Triple AI Bourbaki 30m [BTC] (ex Прикольные инвестиции),https://tradelink.pro/portfolio/b3a528af-89b9-44ca-9a81-95c8d868ca5a,7,"-2,63","-39,27",,"-21,99","-3,14",,"10,50","-21,62",,,,,,,,,,,,,,,,,,,,,,,,,,,"3,67","-21,62","10,50","-20,89","9,25","4,19","-3,52",,,,,,,,,
O-S-A MAIN,https://o-s-a.net/binance-results.html,26,"-0,20",,,"-16,64","-0,64",,"19,80","-22,90",,,"0,00","-2,50","16,00","-22,90","-16,40","3,20","-5,40","4,00","19,80","5,93","7,50","2,10","3,62","2,33","14,00","-7,44","-7,20","2,25","0,00","17,07","-3,48","-4,28","-7,50","-12,99","-8,00","-4,90",,,,,,,,,,,,,,
АЛГО КАПИТАЛ Накопительная,https://algocapital.ru/for-individual-investors/strategies/funded/,22,"0,06",,,"-15,69","-0,71",,"25,94","-36,24",,"-7,37","-3,06","-9,34","0,77","8,79","15,45","-7,01","-7,05","6,29","25,94","0,00","3,69","16,68","17,19","3,24","-36,24","1,46","-1,00","-8,03","-7,32","-2,64","-9,09",,,,,,,,,,,,,,,,,,,
TFlow Bitcoin Daily Bot,https://platform.tflow.ai/ranking/2053,10,"-1,01",,"-4,07","-15,68","-1,57",,"17,88","-20,12",,,,,,,,,,,,,,,,,,,,,"2,65","5,44","-13,47","3,05","12,42","-11,28","17,88","-9,73","-20,12","3,05",,,,,,,,,,,,
Coin Sorcium Utopia Bitmex,https://app.coinsorcium.com/ranking/2758,13,"-0,01",,"-11,00","-15,68","-1,21",,"17,45","-39,41",,,,,,,,,,,,,,,,,,"6,42","-12,65","10,16","0,24","17,45","3,48","6,53","5,88","-6,04","12,55","-15,79","11,05","-39,41",,,,,,,,,,,,
АЛГО КАПИТАЛ Энергия,https://algocapital.ru/for-individual-investors/strategies/energy/,22,"0,08",,,"-15,23","-0,69",,"26,04","-36,26",,"-7,22","-3,14","-9,19","0,64","8,73","15,41","-7,02","-7,10","6,44","26,04","0,11","3,39","16,62","17,20","3,21","-36,26","1,39","-0,99","-8,06","-7,19","-2,62","-8,57",,,,,,,,,,,,,,,,,,,
Triple AI Bourbaki 30m [ETH] (ex Прикольные инвестиции),https://tradelink.pro/portfolio/d6548c54-bca5-461f-b725-699def7c6097,7,"-1,26","-35,43",,"-11,78","-1,68",,"20,20","-10,36",,,,,,,,,,,,,,,,,,,,,,,,,,,"-1,18","-9,68","-10,36","-6,31","6,87","-8,38","20,20",,,,,,,,,
EDKhan,https://app.aivia.io/ranking/138,24,"3,40",,,"-8,36","-0,35",,"95,55","-62,90",,"7,99","1,74","19,54","-7,12","25,71","-0,14","2,55","-28,60","-62,90","-35,17","95,55","-0,37","35,74","8,87","-4,47","-1,92","6,12","-3,36","1,50","6,86","14,30","-0,93","0,00","0,00",,,,,,,,,,,,,,,,,
Trade-bm ByBit,https://www.bybit.com/copyTrade/trade-center/detail?leaderMark=FYow99+5AO07e55eCdyDFA%3D%3D&ref=Y6JOPM&linkUuid=6ab69618-f50d-4e9e-826a-6a07a8f73183,5,"-1,59","-12,19",,"-8,06","-1,61",,"5,50","-6,75",,,,,,,,,,,,,,,,,,,,,,,,"-2,25","-1,95","-2,49","5,50","-6,75",,,,,,,,,,,,,,
Coin Sorcium Dynamics,https://app.coinsorcium.com/ranking/1975,15,"0,06",,"-0,79","-6,88","-0,46",,"16,99","-21,44",,,,,,,,,,,,,,,,,,,"-6,36","5,58","-4,12","16,99","-4,00","-0,10","6,91","-11,46","10,31","-7,82","10,69","-21,44","13,97","-7,20","-1,09",,,,,,,,,
Coin Sorcium Classic,https://app.coinsorcium.com/ranking/2351,8,"-0,59",,,"-5,34","-0,67",,"6,33","-6,05",,,,,,,,,,,,,,,,,,,,,,,"0,39","3,35","-3,48","-4,26","6,33","-4,76","3,77","-6,05",,,,,,,,,,,,
"O-S-A Trend only
",https://tradelink.pro/portfolio/481c4c31-100d-4413-b5ef-a44b636ca59d,9,"-0,39","-22,66",,"-5,11","-0,57",,"10,14","-9,60",,,,,,,,,,,,,,,,,,,,,"-2,83","10,14","-3,88","10,00","-0,30","-9,60","1,06","-3,48","-4,62",,,,,,,,,,,,,
AfiTrading Foundation,https://copy.afitrading.ru/ranking/1946,6,"2,90",,,"-4,05","-0,68",,"28,22","-46,81",,,,,,,,,,,,,,,"3,17","28,22","11,32","15,06","6,46","-46,81",,,,,,,,,,,,,,,,,,,,,,
Triple AI TradeLink PR_T_BTC (ex Прикольные инвестиции),https://tradelink.pro/portfolio/a1034bbf-b60d-48dd-9d25-413376f76607,16,"1,21","-41,25",,"-3,31","-0,21",,"59,56","-17,20",,,,,,,,,,,,,,,,,"-14,77","-4,60","16,66","-5,57","-12,55","59,56","-3,96","18,59","5,07","-17,20","11,41","-15,94","-11,37","-5,94","0,00","0,00",,,,,,,,,,
TradeLink jet1,https://tradelink.pro/portfolio/8de976bb-41d6-4b28-8e16-76dd825d5003,5,"-0,54",,,"-3,04","-0,61",,"3,23","-6,61",,,,,,,,,,,,,,,,,,,,,"0,19","3,18","-2,71","-6,61","3,23",,,,,,,,,,,,,,,,,
DoberBot,https://live.doberbot.com/ranking/2557,1,"-0,26",,,"-0,26","-0,26",,"-0,26","-0,26",,,,,,,,,,,,,,,,,,,,,,,,,"-0,26",,,,,,,,,,,,,,,,,
Create Capital Group,https://app.createcapital.pro/ranking/2612,6,"0,12",,,"0,70","0,12",,"0,45","0,00",,,,,,,,,,,,,,,,,,,,,,,,,,"0,45","0,06","0,10","0,09","0,00","0,00",,,,,,,,,,,
bm-analytics (ex Trade-bm),https://tradelink.pro/portfolio/3957e891-ba96-458b-9afa-8b75c1232050,7,"2,68","-38,55",,"2,35","0,34",,"38,47","-28,09",,,,,,,,,,,,,,,,,,,,,,,,,,"-11,14","38,47","-4,72","33,49","-4,55","-4,72","-28,09",,,,,,,,,,
AfiTrading Foundation,https://copy.afitrading.ru/ranking/2001,1,"3,47",,,"3,47","3,47",,"3,47","3,47",,,,,,,,,,,,,,,,,,,"3,47",,,,,,,,,,,,,,,,,,,,,,,
AlgoTrading.cc,https://www.equite.io/ru/jhPyvBjG1_?partner=ALTCinvite=altc,4,"1,00",,,"4,04","1,01",,"1,69","-0,27",,,,,,,,,,,"1,69","1,35","-0,27","1,22",,,,,,,,,,,,,,,,,,,,,,,,,,,,
Arthem Capital Aggressive,https://tradelink.pro/portfolio/f8517ffc-f8ca-4017-a1c3-4a15facc6fef,10,"1,64","-38,08",,"4,98","0,50",,"35,33","-27,67",,,,,,,,,,,,,,,,,,,,,,"1,19","5,07","7,27","4,55","1,01","-1,26","5,09","35,33","-14,19","-27,67",,,,,,,,,,,
PHOENIX by hb Capital Management,https://tradelink.pro/portfolio/1bd64bf2-29f0-4bca-b006-c14254103c48,7,"1,40",,,"6,05","0,86",,"17,38","-14,90",,,,,,,,,,,,,"1,13","13,02","3,28","17,38","-9,36","-14,90",-1,,,,,,,,,,,,,,,,,,,,,,,
DoberBot,https://live.doberbot.com/ranking/2470,2,"3,10",,,"6,16","3,08",,"6,58","-0,39",,,,,,,,,,,,,,,,,,,,,,,,"6,58","-0,39",,,,,,,,,,,,,,,,,
Doberbot,https://live.doberbot.com/ranking/2008,18,"1,42",,"-13,86","6,24","0,35",,"32,80","-34,56",,,,,,,,,,,,,,,,,,,"12,43","-3,24","2,02","32,80","0,94","17,02","-0,96","-15,14","-34,56","2,42","-15,22","22,42","1,11","6,58","-4,91","1,86","0,00","0,00",,,,,,
PRIKольные инвестиции,https://www.equite.io/V5XGyTDFnX,11,"1,02",,,"6,70","0,61",,"19,77","-14,44",,,,,,,,,,,,"19,77","-1,65","15,10","-7,47","0,40","0,67","-14,44","6,36","-8,04","0,00","0,55",,,,,,,,,,,,,,,,,,,,
Deep trd H1 low,https://app.aivia.io/ranking/136,22,"1,63",,,"7,05","0,32",,"50,78","-28,89",,"50,78","-2,23","27,08","-15,74","2,56","-12,92","-4,00","26,34","1,59","19,90","9,12","-14,76","-10,26","3,80","-5,24","-14,08","-28,89","4,41","4,11","-2,86","-2,96","0,00",,,,,,,,,,,,,,,,,,,
Trade-bm,https://www.equite.io/WpyFb6plhb,19,"0,64",,,"7,27","0,38",,"17,08","-17,44",,"17,08","5,44","-7,61","5,47","7,52","4,25","-0,90","3,47","6,72","-1,99","-2,08","2,74","-17,44","5,92","-5,50","-8,25","-2,68","0,05","-0,13",,,,,,,,,,,,,,,,,,,,,,
PRIKольные инвестиции,https://tradelink.pro/portfolio/5c1b9ed5-c390-4023-9157-bc1094ca110f?step=day,10,"1,21",,,"7,53","0,75",,"21,35","-12,91",,,,,,,,,,,,"21,35","-1,65","15,10","-7,47","0,40","-1,09","-12,91","6,30","-7,98","0,00",,,,,,,,,,,,,,,,,,,,,
AfiTrading Foundation ALT HUNTER,https://copy.afitrading.ru/ranking/1939,17,"8,82",,"-53,34","7,91","0,47",,"140,49","-70,60",,,,,,,,,,,,,,,,,,"12,89","21,20","140,49","0,54","-70,60","0,00","5,50","5,11","2,60","8,70","10,78","24,99","2,65","-21,61","10,14","46,71","-50,17",,,,,,,,
RAProfit ZAFER,https://copy.raprofit.com/ranking/2727,2,"4,24",,,"8,66","4,33",,"4,35","4,13",,,,,,,,,,,,,,,,,,,,,,,,,,,4,4,,,,,,,,,,,,,,
O-S-A ARBITRAGE ONLY,https://o-s-a.net/binance-results.html,10,"3,83",,,"8,86","0,89",,"84,08","-22,68",,,,,,,,,,,,,,,,,,,"-11,54",84,4,18,-8,-23,-11,-8,-7,0,,,,,,,,,,,,,,
Coin Sorcium Golden Grail,https://app.coinsorcium.com/ranking/2745,7,"1,56",,"-8,25","10,16","1,45",,"12,75","-7,65",,,,,,,,,,,,,,,,,,,,,,,,,,,"12,75","-0,74","1,23","-7,65","-0,52","5,86","-0,02",,,,,,,,,
O-S-A MAIN с 2022 года,https://o-s-a.net/binance-results.html,19,"1,01",,,"13,45","0,71",,"17,07","-12,99",,,,,,,,,,"7,07","14,80","5,93","7,50","2,10","3,62","2,33","14,00","-8,44","-7,90","2,25","0,00","17,07","-3,48","-4,28","-7,50","-12,99","-8,00","-4,90",,,,,,,,,,,,,,
АЛГО КАПИТАЛ Оптимальная,https://algocapital.ru/for-individual-investors/strategies/optimal/,22,"0,85",,,"16,02","0,73",,"10,78","-17,72",,"-2,30","-0,55","-2,23","0,97","4,26","6,90","-2,69","-2,51","1,80","10,67","0,89","3,12","10,78","10,07","2,57","-17,72","0,63","0,47","-2,08","-1,47","-0,37","-2,41",,,,,,,,,,,,,,,,,,,
Create Capital EK Utopia BTC,https://app.createcapital.pro/ranking/2464,17,"2,00",,"-11,00","16,81","0,99",,"20,20","-39,41",,,,,,,,,,,,,,,,,,"6,42","-7,04","10,16","0,44","16,09","3,61","6,63","9,58","-7,54","12,94","-11,04","11,05","-39,41","5,00","6,95","-10,00","20,20",,,,,,,,
АЛГО КАПИТАЛ Сбалансированная,https://algocapital.ru/for-individual-investors/strategies/balanced/,22,"0,93",,,"21,49","0,98",,"5,89","-7,73",,"-1,54","0,14","-1,42","0,78","2,96","4,65","-1,45","-1,31","1,56","5,89","1,11","3,18","5,53","5,45","1,96","-7,73","0,13","1,17","-0,12","-0,11","0,29","-0,59",,,,,,,,,,,,,,,,,,,
Sergey F bot,https://tradelink.pro/portfolio/1bdabc11-db54-4ec1-9b7b-52d0ba14493e,15,"2,94","-44,91",,"31,02","2,07",,"37,91","-22,54",,,,,,,,,,,,,,,"-6,74","30,31","0,08","-6,48","-4,74","8,65","-3,58","8,93","37,91","-7,00","-22,54","-3,37","9,16","-13,69","17,16",,,,,,,,,,,,,
TSLab.pro bots,https://tradelink.pro/portfolio/7c119037-d708-4174-ab9d-aedb70267522,31,"0,97","-16,18",,"31,27","1,01",,"13,35","-6,43",,"5,41","0,81","5,27","-3,74","5,26","4,50","-4,53","-0,12","0,40","8,14","0,06","-2,20","0,14","2,44","2,12","-3,76","-4,38","4,04","2,06","-3,07","13,35","-1,73","2,59","0,01","-3,59","1,58","-6,43","0,81","-2,00","7,12","-0,52",,,,,,,,,,
EDKhan,https://fund.edkhan.net/ranking/1227,13,"5,51",,,"36,08","2,78",,"71,89","-39,96",,,,,,,,,,,,,"0,07","18,77","21,27","22,50","-7,23","-39,96","6,33","-14,48","-24,27","71,89","9,13","11,81","-4,20",,,,,,,,,,,,,,,,,
PHOENIX by hamster-bot FTX,https://tradelink.pro/portfolio/c177023b-df95-4120-b2bd-03e1a49174fa,18,"1,89",,,"37,29","2,07",,"10,90","-12,24",,,"0,52","-0,30","2,67","10,90","5,12","2,26","-0,13","-0,68","1,64","0,21","3,08","5,81","2,08","10,31","-1,11","-12,24","-0,51","4,47",,,,,,,,,,,,,,,,,,,,,,
PROFi TRADE STAT - 02,https://tradelink.pro/portfolio/bfa24005-9658-4a6b-a73c-e19cbb87522b,8,"6,27","-71,67",,"38,83","4,85",,"35,85","-32,61",,,,,,,,,,,,,,,,,,,,,,18,16,21,4,-11,-1,36,-33,,,,,,,,,,,,,
Conservative HT,https://app.aivia.io/ranking/277,16,"2,80",,,"45,59","2,85",,"21,34","-12,35",,,,,"5,12","20,85","10,57","21,34","7,54","-0,47","8,39","-5,43","6,03","-5,65","5,18","-5,16","-9,50","-12,35","-0,49","-1,16",,,,,,,,,,,,,,,,,,,,,,
Copy-Trade Algotoria,https://copy-trade.pro/algotoria-monitoring,10,"5,31",,,"48,12","4,81",,"42,42","-15,60",,,,,,,,,,,,,,,,,,,,,,,,,,,"4,90","-15,60","-3,45","-4,03","32,82","-9,87","42,42","5,90","0,00","0,00",,,,,,
Mellivora trade,"https://app.aivia.io/ranking/291
https://app.createcapital.pro/ranking/1764",35,"1,79",,"-0,27","48,45","1,38",,"30,89","-17,02",,"13,24","3,93","29,84","-16,41","30,89","-17,02","-1,42","-0,26","24,00","16,66","-8,93","6,70","0,24","16,61","15,00","-11,46","-15,89","-2,74","-1,34","3,48","5,76","-1,32","3,54","-8,93","-8,63","-0,43","-10,48","1,78","-5,72","7,80","-5,62","-3,20","2,83","0,00","0,00",,,,,,
Triple AI Turing [BTC] (ex Прикольные инвестиции),https://tradelink.pro/portfolio/65313664-86d8-4433-bb50-58890fa1d5a0,22,"2,26","-19,57",,"53,30","2,42",,"24,97","-11,81",,,,,,,,,,,,,"0,74","4,99","0,00","-0,16","0,86","1,00","-3,91","5,50","-1,47","-7,94","6,81","12,12","-11,81","1,08","3,22","-7,98","7,17","-6,73","2,08","4,24","14,99","24,97",,,,,,,,
TradeLink AVE_GRAAL_USD,https://tradelink.pro/portfolio/205e00e6-07bc-4016-a1ad-9f457a6dd100,5,"9,57",,,"54,48","10,90",,"29,65","0,21",,,,,,,,,,,,,,,,"2,44","0,21","10,74",5,30,,,,,,,,,,,,,,,,,,,,,,
EDKhan Felix,https://fund.edkhan.net/ranking/1535,25,"2,34",,"-5,05","55,85","2,23",,"33,73","-24,59",,,,,,,,,,,,,"1,29","33,73","11,60","1,33","6,72","6,33","5,29","3,26","-0,91","8,29","1,10","7,59","-9,10","-15,08","-24,59","4,51","0,51","-9,17","16,97","2,44","2,32","-3,09","7,07","0,00","0,00",,,,,
PROFi TRADE STAT - 01,https://tradelink.pro/portfolio/c9feadce-c077-4380-b006-62c59c4e8d64,6,"8,81","-30,97",,"64,03","10,67",,"22,91","2,07",,,,,,,,,,,,,,,,,,,,,,,"8,89","2,07","9,52","2,39","7,08","22,91",,,,,,,,,,,,,,
Trade-bm,https://www.equite.io/en/ifXM4vTNsh,12,"4,79",,,"66,50","5,54",,"26,28","-15,41",,"26,28","10,55","-15,41","8,94","12,84","6,30","-1,92","3,42","5,74","-1,29","-2,44","4,46",,,,,,,,,,,,,,,,,,,,,,,,,,,,,
AfiTrading Foundation,https://copy.afitrading.ru/ranking/1984,2,"30,25",,,"67,99","33,99",,"43,14","17,36",,,,,,,,,,,,,,,,,,,"17,36","43,14",,,,,,,,,,,,,,,,,,,,,,
CryptoTrend,https://app.aivia.io/ranking/296,12,"5,45",,,"71,97","6,00",,"40,88","-14,09",,,"12,77","-6,49","40,88","18,45","-6,36","-14,09","3,14","6,64","4,79","8,55","-3,29","0,40",,,,,,,,,,,,,,,,,,,,,,,,,,,,
TradeLink Madness v 2,https://tradelink.pro/portfolio/fbcd92c3-165e-4132-9f03-17b24d45fea0,1,"73,72",,,"73,72","73,72",,"73,72","73,72",,,,,,,,,,,,,,,,,,,,,,,,"73,72",,,,,,,,,,,,,,,,,,
AfiTrading Foundation,SYDNEY,5,"17,89",,,"76,52","15,30",,"102,85","-7,63",,,,,,,,,,,,,,"-5,79","0,00","0,00","-7,63","102,85",,,,,,,,,,,,,,,,,,,,,,,,
bm-analytics (ex Trade-bm),https://bm-analytics.aum.expert/ranking/217,31,"2,94",,"-0,49","77,92","2,51",,"38,47","-28,11",,"34,38","10,18","-16,14","11,77","18,96","7,36","3,49","3,25","6,72","-4,51","4,42","-0,78","2,37","7,29","-4,68","-6,51","-6,31","16,83","0,55","3,57","-5,34","-7,08","17,05","-23,96","-11,17","38,47","-5,31","32,85","-3,88","-4,72","-28,11",,,,,,,,,,
RAProfit SMART FUTURES,https://copy.raprofit.com/ranking/2050,12,"5,03",,"-78,10","78,00","6,50",,"14,63","-1,76",,,,,,,,,,,,,,,,,"2,68","4,94","5,10","14,63","1,16","9,98","10,57","8,20","5,01","0,34","-0,48","-1,76",,,,,,,,,,,,,,
Create Capital Crypto ETF SPOT (Ex Create Capital SPOT Day Trade),https://app.createcapital.pro/ranking/2617,12,"5,33",,,"79,72","6,64",,"17,09","-12,06",,,,,,,,,,,,,,,,,,,,,,,,,"-6,61","8,08","8,27","-2,18","-12,06","7,92","17,09","10,61","6,89","2,88","12,54","10,52",,,,,,
EncryptedBinance,https://app.aivia.io/ranking/308,24,"3,18",,,"88,04","3,67",,"29,17","-23,35",,"7,29","-1,87","-0,97","1,32","7,78","11,47","5,00","5,85","4,28","0,44","0,00","0,24","29,17","-1,25","2,44","0,89","-15,44","-0,98","-23,35","6,74","19,59","17,56","0,00","0,00",,,,,,,,,,,,,,,,,
AfiTrading Foundation Force,https://copy.afitrading.ru/ranking/1944,20,"5,92",,"-53,35","89,75","4,49",,"46,71","-50,17",,,,,,,,,,,,,,,"8,87","20,08","36,91","17,98","13,70","11,54","-0,12","-36,06","0,00","5,50","5,11","2,60","8,70","10,78","24,99","2,65","-21,61","10,14","46,71","-50,17",,,,,,,,
Triple AI Bourbaki [BTC] (ex Прикольные инвестиции),https://tradelink.pro/portfolio/b6ded37e-a49f-4e71-b724-977b584fb8f7,15,"5,11","-25,34",,"100,74","6,72",,"25,18","-10,19",,,,,,,,,,,,,,,,,,,,"5,36","4,16","9,93","14,19","2,24","4,51","-10,19","8,99","1,50","0,88","-6,02","-5,25","14,53","25,18","6,58",,,,,,,,
Asti ScalpingPipsing,https://app.aivia.io/ranking/173,24,"3,50",,,"107,26","4,47",,"39,40","-13,29",,"11,92","8,31","4,30","1,57","39,40","2,57","-0,60","-8,44","-7,97","-1,44","0,00","0,00","0,00","5,91","5,58","10,50","-13,29","13,49","1,60","-1,15","10,74","1,11","0,00","0,00",,,,,,,,,,,,,,,,,
Mellivora trade TradeLink M_BTC,https://tradelink.pro/portfolio/418598be-fc59-4da6-a7ce-eb8a78f9b75d,18,"7,91","-56,03",,"119,50","6,64",,"81,56","-22,93",,,,,,,,,,,,,,,,"23,37","-22,93","-21,26","6,10","-22,03","-3,28","57,97","-2,00","46,77","-2,16","-20,35","23,91","-17,11","-17,23","3,78","81,56","12,88","14,45",,,,,,,,,
AfiTrading Foundation TREND MIDDLE,https://copy.afitrading.ru/ranking/1804,18,"5,40",,"-59,74","123,80","6,88",,"27,54","-22,49",,,,,,,,,,,,,,"7,57","18,16","27,54","0,64","-22,49","-6,70","15,59","-4,62","-5,12","0,00","-12,36","-2,02","3,83","15,53","5,80","18,28","12,66","24,87",,,,,,,,,,,
Create Capital Afi Foundation,https://app.createcapital.pro/ranking/2443,11,"8,07",,"-12,44","124,54","11,32",,"24,87","-4,35",,,,,,,,,,,,,,,,,,,,,"-0,46","17,94","-3,35","-4,35","-2,02","3,83","15,53","5,80","18,27","12,66","24,87",,,,,,,,,,,
Create Capital EK Full House,https://app.createcapital.pro/ranking/2462,17,"5,69",,"-2,27","125,33","7,37",,"40,06","-15,12",,,,,,,,,,,,,,,,,,,,"2,02","40,06","2,11","12,80","2,87","-2,50","-4,35","-1,44","6,65","0,34","1,14","6,95","3,27","-7,78","-15,12","35,74","14,00",,,,,,
RAProfit ScalpingDream Ultima,https://copy.raprofit.com/ranking/2773,6,"18,12",,"-85,59","127,34","21,22",,"83,54","-8,40",,,,,,,,,,,,,,,,,,,,,,,,,,,,"83,54","-8,40","24,04","13,57","-0,94","-3,10",,,,,,,,,
IQ Security Fund high risk portfolio 6,https://tradelink.pro/portfolio/6f69b739-0f8e-44f0-b975-71bbee9b1ac4,13,"26,73","-84,55",,"129,73","9,98",,"180,86","-70,26",,,,,,,,,,,,,,,,,,,,,,,,,"-29,71","-33,91","90,58","-70,26","70,68","-51,67","180,86","-31,25","62,68","19,68","90,03","-3,28","53,08",,,,,
Coin Sorcium Knife Catcher,https://app.coinsorcium.com/ranking/2756,11,"8,65",,"-0,31","140,32","12,76",,"35,30","0,94",,,,,,,,,,,,,,,,,,,,,,,,,,,"4,34","2,94","3,77","0,94","2,81","13,27","13,07","8,44","6,44","35,30","3,88",,,,,
Copy-Trade Investizo Ultra Marine,https://www.myfxbook.com/ru/members/tstvector/investizo-ultra-marine/8719521,28,"7,24","-80,40",,"182,66","6,52",,"85,73","-37,12",,,,"29,84","3,01","-2,22","28,55","17,26","-27,54","19,76","0,74","85,73","3,40","12,52","74,06","40,31","21,36","-22,94","-8,49","24,24","31,30","-10,94","-6,58","-19,10","-18,76","-34,29","-37,12","-1,16","-0,31","0,00","0,00",,,,,,,,,,,
"Scooby-ДУ Horizonvest криптофонд
 ",https://tradelink.pro/portfolio/46d6d8a6-fce2-41ed-af8b-d649794f9421,13,"9,10","-36,47",,"182,98","14,08",,"23,19","-26,10",,,,,,,,,,,,,,,,,,,,,,"20,58","12,23","3,00","11,48","10,14","-26,10","4,92","10,72","0,67","16,49","14,97","15,96","23,19",,,,,,,,
ABOT pro,https://app.aivia.io/ranking/289,10,"12,59",,,"203,26","20,33",,"32,21","-1,33",,,,,"23,04","32,21","28,43","31,90","12,59","-1,33","-0,41","-0,26","-0,50",0,,,,,,,,,,,,,,,,,,,,,,,,,,,,
RAProfit Scalping Dream,https://copy.raprofit.com/ranking/1597,20,"9,14",,"-5,64","214,44","10,72",,"75,37","-56,04",,,,,,,,,,,,,,,"1,74","11,86","15,66","17,72","0,74","14,24","11,23","-20,66","10,05","12,00","11,47","-11,15","-56,04","14,55","-2,34","75,37","53,88","0,00","18,11","4,42",,,,,,,,
BLUELINE,https://www.equite.io/ru/DCjrh-SbpA,12,"13,25",,,"325,42","27,12",,"30,84","1,78",,,"10,08","10,57","14,48","27,65","30,84","21,94","23,89","7,61","1,78","2,69","5,31","2,16",,,,,,,,,,,,,,,,,,,,,,,,,,,,
Copy-Trade 4 трейда в месяц,https://copy-trade.pro/nikolay-lyashenko-binance-monitoring,10,"18,13",,,"376,01","37,60",,"42,31","-13,25",,,,,,,,,,,,,,,,,,,,,,,"23,40","30,50","18,20","39,29","19,35","19,90","-13,25","0,83","42,31","0,79",,,,,,,,,,
AVA FamilyCryptoFund,https://app.aivia.io/ranking/631,14,"22,69",,,"642,53","45,90",,"145,77","-44,29",,,,,,,,,,"7,68","1,69","7,37","5,19","30,51","4,04","-2,66","0,91","7,90","13,18",115,25,146,-44,,,,,,,,,,,,,,,,,,,
AVA Family Crypto Investment Fund Грааль 10v0.57,"https://tradelink.pro/portfolio/edbe357a-4f7d-4ce1-96ae-f72750e8143a
https://tradelink.pro/portfolio/b9cbf2f4-6d22-482e-8b40-a006fb1141ab
",29,"12,22","-59,44",,"913,42","31,50",,"136,18","-44,26",,,,,,,"0,47","7,70","19,42","6,57","2,57","5,33","1,23","31,70","1,62","-5,10","6,42","6,81","14,58","108,18","17,80","136,18","-44,26","28,51","11,91","5,68","20,86","15,59","-30,54","-1,64","-10,95","4,21","-6,40","0,00","0,00",,,,,,,
IQ Security Fund high risk portfolio 2,"https://tradelink.pro/portfolio/639867a2-ad21-4793-9fe1-209fa5b9cf0b
https://tradelink.pro/portfolio/522dd4db-d849-4c7e-84e3-7d24c1d1e21c
https://tradelink.pro/portfolio/f7b6f3d9-734f-40b2-9944-24f94bba136a",15,"32,90","-76,47",,"1 418,26","94,55",,"152,50","-58,86",,,,,,,,,,,,,,,,,,,,,,,"27,28","152,50","80,59","-22,32","145,08","-20,35","-24,39","-58,86","75,23","-5,14","57,02","14,69","36,31","0,00","35,92",,,,,
,,,,,,,,,,,,,,,,,,,,,,,,,,,,,,,,,,,,,,,,,,,,,,,,,,,,
,"Данные месячной доходности вносятся в таблицу единожды и не подлежат исправлению. При добавлении нового проекта происходит добавление новой строчки и внесение данных по текущий месяц. При внесении данных за новый месяц добавляются только актуальные данные за закрытый период, данные прошлых периодов не подлежат изменению",,,,,,,,,,,,,,,,,,,,,,,,,,,,,,,,,,,,,,,,,,,,,,,,,,,
,"- проекты, мониторинг которых остановлен, или в течение 3х месяцев наблюдалось отсутствие торгов",,,,,,,,,,,,,,,,,,,,,,,,,,,,,,,,,,,,,,,,,,,,,,,,,,,